strat,params,exit_mode,exit_label,exit_cfg,mh,train_N,train_EV,train_PnL,train_PF,train_WR,test_N,test_EV,test_PnL,test_PF,test_WR,test_max_dd,test_t_stat,full_N,full_EV,full_PnL,full_PF,full_WR,full_max_dd,full_final_equity,full_sharpe,full_t_stat,symbol,tf,combined_N
EMA_CROSS,"{""fast"": 9, ""slow"": 30}",chandelier,CHAN_3.5,"{""mode"": ""chandelier"", ""chandelier_atr_mult"": 3.5, ""label"": ""CHAN_3.5""}",36,26,4.822251199668186,125.37853119137282,3.1103023055213823,30.76923076923077,16,1.6443609638630892,26.309775421809427,1.448228507671732,37.5,-16.407286557487904,0.46238503256785285,44,3.1040231243133163,136.57701746978591,2.0251904325892465,31.818181818181817,-26.3792939216615,2.0035369553520517,0.9154484934268866,0.9154484934268866,ICPUSDT,4h,42
EMA_CROSS,"{""fast"": 12, ""slow"": 30}",chandelier,CHAN_3.5,"{""mode"": ""chandelier"", ""chandelier_atr_mult"": 3.5, ""label"": ""CHAN_3.5""}",36,24,4.985973308392059,119.66335940140942,3.1015577976649578,37.5,14,1.1377170809261863,15.928039132966608,1.304919616869161,28.57142857142857,-17.259759198309787,0.3198584133310447,39,3.3752138356429517,131.6333395900751,2.1635045337480183,33.33333333333333,-19.69112598861138,1.9945880839601284,0.9035990730818959,0.9035990730818959,ICPUSDT,4h,38
EMA_CROSS,"{""fast"": 5, ""slow"": 30}",chandelier,CHAN_3.5,"{""mode"": ""chandelier"", ""chandelier_atr_mult"": 3.5, ""label"": ""CHAN_3.5""}",36,33,3.117563032558703,102.8795800744372,2.1218079934849055,30.303030303030305,17,1.7931432963138907,30.48343603733614,1.5004808454406187,35.294117647058826,-14.531918606894296,0.5198105452506181,52,2.296328987893357,119.40910737045456,1.7168664256219763,30.76923076923077,-37.07468130519031,1.6355764221795357,0.7867557592124216,0.7867557592124216,ICPUSDT,4h,50
EMA_CROSS,"{""fast"": 9, ""slow"": 50}",chandelier,CHAN_3.5,"{""mode"": ""chandelier"", ""chandelier_atr_mult"": 3.5, ""label"": ""CHAN_3.5""}",36,25,3.3786412386992977,84.46603096748244,2.0013928156672565,24.0,13,2.431044752849667,31.60358178704567,1.6784589448140859,30.76923076923077,-15.387284774751123,0.6088139521529856,39,2.7434382438990337,106.99409151206231,1.7642135356198507,25.64102564102564,-40.11798729324394,1.5235524331819883,0.723158395505535,0.723158395505535,ICPUSDT,4h,38
EMA_CROSS,"{""fast"": 9, ""slow"": 30}",chandelier,CHAN_3.5,"{""mode"": ""chandelier"", ""chandelier_atr_mult"": 3.5, ""label"": ""CHAN_3.5""}",24,26,2.370362927871114,61.62943612464896,2.090947713419203,38.46153846153847,16,3.581657434961683,57.30651895938693,2.154828497169309,43.75,-13.803439742115179,0.8890990656449136,44,2.3596514986508996,103.82466594063959,1.856453020215478,38.63636363636363,-20.087628819246305,2.071878188426145,1.2027077881033612,1.2027077881033612,ICPUSDT,4h,42
ADX_TREND,"{""adx_period"": 14, ""adx_thresh"": 25, ""adx_rising"": true}",chandelier,CHAN_3.5,"{""mode"": ""chandelier"", ""chandelier_atr_mult"": 3.5, ""label"": ""CHAN_3.5""}",36,35,2.664649522099505,93.26273327348267,1.699227109652004,25.71428571428571,21,1.0730833358210248,22.53475005224152,1.3124373766991413,38.095238095238095,-19.09284142109412,0.3980379005203544,58,1.736853211491917,100.73748626653119,1.4567238940452572,29.310344827586203,-48.50117634477037,1.0485842750039918,0.535147515481805,0.535147515481805,ICPUSDT,4h,56
EMA_CROSS,"{""fast"": 12, ""slow"": 30}",chandelier,CHAN_3.5,"{""mode"": ""chandelier"", ""chandelier_atr_mult"": 3.5, ""label"": ""CHAN_3.5""}",24,25,2.0317763540026936,50.79440885006734,1.9284043046538828,44.0,14,2.673065919141549,37.42292286798168,1.7872284559086375,42.857142857142854,-17.259759198309794,0.6614791808607647,40,2.1064818193437045,84.25927277374818,1.79334847207737,42.5,-17.259759198309805,1.8065644439950173,1.081016300576539,1.081016300576539,ICPUSDT,4h,39
DIVERGENCE,"{""pivot_period"": 3, ""min_score"": 2, ""use_trend"": false, ""ema_len"": 50, ""max_bars"": 100, ""max_pivots"": 8}",chandelier,CHAN_3.5,"{""mode"": ""chandelier"", ""chandelier_atr_mult"": 3.5, ""label"": ""CHAN_3.5""}",36,49,1.6426646285592439,80.49056679940296,1.6086114260195152,38.775510204081634,34,0.0705486922492463,2.398655536474374,1.0203679474900587,26.47058823529412,-41.8182239963699,0.03849257966604295,86,0.9220979174254673,79.30042089859019,1.3105517195997731,33.72093023255814,-52.16145150766206,1.1690042425274294,0.5792101050074356,0.5792101050074356,ICPUSDT,4h,83
EMA_CROSS,"{""fast"": 20, ""slow"": 50}",chandelier,CHAN_3.5,"{""mode"": ""chandelier"", ""chandelier_atr_mult"": 3.5, ""label"": ""CHAN_3.5""}",36,23,1.6124293749675573,37.085875624253816,1.3686035950128999,21.73913043478261,8,5.701593828865661,45.61275063092529,3.7186737534288925,50.0,-6.4436014967066235,1.09239456886387,32,2.3512016342613062,75.2384522963618,1.6026328980725806,28.125,-53.16645065399682,1.2833943860560062,0.5930273349361743,0.5930273349361743,ICPUSDT,4h,31
EMA_CROSS,"{""fast"": 12, ""slow"": 50}",chandelier,CHAN_3.5,"{""mode"": ""chandelier"", ""chandelier_atr_mult"": 3.5, ""label"": ""CHAN_3.5""}",36,26,1.6169280955993754,42.04013048558376,1.4006515337785739,19.230769230769234,11,4.442525360411339,48.867778964524724,2.7929275793094868,36.36363636363637,-9.990735704158226,0.998155809346172,39,1.8122861027832624,70.67915800854723,1.4637313335853641,23.076923076923077,-51.400460819387106,1.173899680470276,0.5403688146181523,0.5403688146181522,ICPUSDT,4h,37
EMA_CROSS,"{""fast"": 5, ""slow"": 30}",chandelier,CHAN_3.5,"{""mode"": ""chandelier"", ""chandelier_atr_mult"": 3.5, ""label"": ""CHAN_3.5""}",24,33,0.8879646408448603,29.30283314788039,1.3278228230967821,36.36363636363637,17,3.17003867154741,53.89065741630597,1.9632345111146647,35.294117647058826,-16.04715796342337,0.7763394355927056,52,1.3315304196705309,69.2395818228676,1.4346825470527922,34.61538461538461,-37.84230469815492,1.413186721661653,0.7486673487999819,0.7486673487999818,ICPUSDT,4h,50
EMA_CROSS,"{""fast"": 9, ""slow"": 30}",chandelier,CHAN_3.0,"{""mode"": ""chandelier"", ""chandelier_atr_mult"": 3.0, ""label"": ""CHAN_3.0""}",24,27,1.6699312994841162,45.08814508607114,1.8781307731571217,40.74074074074074,17,2.117771741064064,36.00211959808909,1.7493373845165168,35.294117647058826,-14.824891894689696,0.5908590597040355,46,1.502166058601078,69.09963869564959,1.6203870793587367,36.95652173913043,-21.98008810418253,1.545085492848978,0.8717922588427522,0.8717922588427522,ICPUSDT,4h,44
EMA_CROSS,"{""fast"": 9, ""slow"": 30}",hybrid,HYBRID_1.0_2.5_noTP,"{""mode"": ""hybrid"", ""initial_sl_atr_mult"": 1.0, ""chandelier_atr_mult"": 2.5, ""tp_atr_mult"": null, ""label"": ""HYBRID_1.0_2.5_noTP""}",24,28,0.5346815479658534,14.971083343043897,1.3739258826461331,39.285714285714285,20,2.928550673284639,58.57101346569278,2.9446667400080817,35.0,-10.605082800919801,1.0179176869040418,50,1.3627566885088476,68.13783442544238,1.9017637910409662,36.0,-12.150476555917654,1.6863977201907816,1.0813389338703556,1.0813389338703554,ICPUSDT,4h,48
ADX_TREND,"{""adx_period"": 14, ""adx_thresh"": 25, ""adx_rising"": true}",chandelier,CHAN_3.5,"{""mode"": ""chandelier"", ""chandelier_atr_mult"": 3.5, ""label"": ""CHAN_3.5""}",24,38,1.2994675451204145,49.37976671457575,1.3922911830224087,28.947368421052634,24,1.0721652056820772,25.731964936369852,1.2917209406327448,41.66666666666667,-24.26627126077266,0.4027380999107944,64,1.0395019175049443,66.52812272031643,1.2987793982206586,32.8125,-43.61048802420512,1.198194304707712,0.6081290531411124,0.6081290531411124,ICPUSDT,4h,62
EMA_CROSS,"{""fast"": 9, ""slow"": 30}",atr,ATR_2.5_1.5,"{""mode"": ""atr"", ""tp_atr_mult"": 2.5, ""sl_atr_mult"": 1.5, ""label"": ""ATR_2.5_1.5""}",24,27,2.006067677550195,54.163827293855256,2.6253303374888186,62.96296296296296,19,0.98976284880593,18.80549412731267,1.4673296063039165,47.368421052631575,-12.602018647055962,0.7527577009465583,48,1.3774435504785394,66.11729042296989,1.822178825121382,54.166666666666664,-17.521010098431862,1.8209948501015434,1.905391349864714,1.905391349864714,ICPUSDT,4h,46
EMA_CROSS,"{""fast"": 9, ""slow"": 30}",atr,ATR_2.0_1.5,"{""mode"": ""atr"", ""tp_atr_mult"": 2.0, ""sl_atr_mult"": 1.5, ""label"": ""ATR_2.0_1.5""}",24,27,1.8556484975866563,50.10250943483972,2.8897842197189365,70.37037037037037,19,0.7640975915922533,14.517854240252813,1.398877077893418,52.63157894736842,-12.602018647055962,0.6747978732655161,48,1.3642082093268124,65.481994047687,1.9645441330490891,62.5,-17.52101009843186,1.8368381361085278,2.2068823600651304,2.2068823600651304,ICPUSDT,4h,46
EMA_CROSS,"{""fast"": 12, ""slow"": 30}",chandelier,CHAN_3.0,"{""mode"": ""chandelier"", ""chandelier_atr_mult"": 3.0, ""label"": ""CHAN_3.0""}",24,25,1.8017844285828288,45.04461071457072,2.012247347146864,40.0,16,1.403239768515096,22.451836296241535,1.4110174719186868,31.25,-20.468745369569348,0.3960879235212947,42,1.5503745862268161,65.11573262152628,1.6415005634316906,35.714285714285715,-20.46874536956933,1.5356357975413666,0.8857221096208335,0.8857221096208335,ICPUSDT,4h,41
EMA_CROSS,"{""fast"": 9, ""slow"": 50}",chandelier,CHAN_3.5,"{""mode"": ""chandelier"", ""chandelier_atr_mult"": 3.5, ""label"": ""CHAN_3.5""}",24,25,0.9596970432350878,23.992426080877195,1.3111689579475234,40.0,13,3.744957535145203,48.68444795688764,2.1095952584675812,30.76923076923077,-15.387284774751112,0.8299438929906806,39,1.6308039178281812,63.601352795299064,1.4890321752185915,35.8974358974359,-27.479302879083033,1.4337790306533413,0.7767633316390424,0.7767633316390425,ICPUSDT,4h,38
EMA_CROSS,"{""fast"": 9, ""slow"": 30}",hybrid,HYBRID_2.0_2.5_noTP,"{""mode"": ""hybrid"", ""initial_sl_atr_mult"": 2.0, ""chandelier_atr_mult"": 2.5, ""tp_atr_mult"": null, ""label"": ""HYBRID_2.0_2.5_noTP""}",24,27,1.0580024010162248,28.56606482743807,1.8351272166786599,51.85185185185185,20,2.1426942414804198,42.8538848296084,1.9349410688349475,35.0,-15.287387811361944,0.7198995606590106,49,1.2842663280410325,62.92905007401059,1.7108019640243455,42.857142857142854,-19.22785313806137,1.5833438876638124,0.9711871723653998,0.9711871723653998,ICPUSDT,4h,47
EMA_CROSS,"{""fast"": 9, ""slow"": 30}",chandelier,CHAN_2.5,"{""mode"": ""chandelier"", ""chandelier_atr_mult"": 2.5, ""label"": ""CHAN_2.5""}",24,27,0.9709491932256159,26.21562821709163,1.717134531365399,51.85185185185185,19,2.374551511201773,45.11647871283369,2.004892255896973,36.84210526315789,-14.551895994636368,0.754792774515528,48,1.2770393488962226,61.29788874701868,1.6700165129152065,43.75,-22.314570754053157,1.5507756895597864,0.9361134212344286,0.9361134212344286,ICPUSDT,4h,46
EMA_CROSS,"{""fast"": 9, ""slow"": 30}",atr,ATR_2.5_1.5,"{""mode"": ""atr"", ""tp_atr_mult"": 2.5, ""sl_atr_mult"": 1.5, ""label"": ""ATR_2.5_1.5""}",36,27,1.7545523448567624,47.372913311132585,2.22580357561377,59.25925925925925,19,0.98976284880593,18.80549412731267,1.4673296063039165,47.368421052631575,-12.602018647055962,0.7527577009465583,47,1.3018025065806418,61.18471780929016,1.7294278300985366,53.191489361702125,-17.521010098431837,1.7310585677840704,1.7360281661350128,1.736028166135013,ICPUSDT,4h,46
EMA_CROSS,"{""fast"": 9, ""slow"": 30}",chandelier,CHAN_3.5,"{""mode"": ""chandelier"", ""chandelier_atr_mult"": 3.5, ""label"": ""CHAN_3.5""}",12,27,0.9346261903165496,25.234907138546838,1.5849224894985057,48.148148148148145,17,2.4281277305119238,41.278171418702705,1.9328780621105495,47.05882352941176,-11.992699611785195,0.927324155977319,46,1.306789922625225,60.11233644076035,1.6100066726177098,47.82608695652174,-16.54653129307668,1.5940710783856933,1.1143499232866845,1.1143499232866845,ICPUSDT,4h,44
DIVERGENCE,"{""pivot_period"": 3, ""min_score"": 2, ""use_trend"": false, ""ema_len"": 50, ""max_bars"": 100, ""max_pivots"": 8}",chandelier,CHAN_3.5,"{""mode"": ""chandelier"", ""chandelier_atr_mult"": 3.5, ""label"": ""CHAN_3.5""}",24,52,1.0090249803306572,52.46929897719418,1.3934855788146934,42.30769230769231,35,0.4948602704986531,17.32010946745286,1.1464874062094708,31.428571428571427,-36.538623504321244,0.28945672584505594,90,0.6669259911817598,60.02333920635838,1.228145209120052,37.77777777777778,-44.39095579914743,1.1855454153895546,0.5856205078393284,0.5856205078393285,ICPUSDT,4h,87
EMA_CROSS,"{""fast"": 5, ""slow"": 30}",chandelier,CHAN_3.0,"{""mode"": ""chandelier"", ""chandelier_atr_mult"": 3.0, ""label"": ""CHAN_3.0""}",24,33,0.9625585781973394,31.764433080512198,1.4206912470875133,36.36363636363637,18,2.1423199639927883,38.56175935187019,1.8015680005136783,33.33333333333333,-15.588739345979787,0.5934971850400836,53,1.1228659601867805,59.511895889899364,1.4427061354361599,33.9622641509434,-32.1775432569324,1.360231975029311,0.701959474767416,0.7019594747674162,ICPUSDT,4h,51
EMA_CROSS,"{""fast"": 9, ""slow"": 30}",atr,ATR_2.0_1.5,"{""mode"": ""atr"", ""tp_atr_mult"": 2.0, ""sl_atr_mult"": 1.5, ""label"": ""ATR_2.0_1.5""}",36,27,1.6041331648932233,43.31159545211703,2.3605497065620153,66.66666666666666,19,0.7640975915922533,14.517854240252813,1.398877077893418,52.63157894736842,-12.602018647055962,0.6747978732655161,48,1.2227308346867567,58.691080064964325,1.8016739363677372,60.416666666666664,-17.52101009843186,1.7136783976310388,1.9270324277670472,1.9270324277670472,ICPUSDT,4h,46
EMA_CROSS,"{""fast"": 12, ""slow"": 30}",hybrid,HYBRID_2.0_2.5_noTP,"{""mode"": ""hybrid"", ""initial_sl_atr_mult"": 2.0, ""chandelier_atr_mult"": 2.5, ""tp_atr_mult"": null, ""label"": ""HYBRID_2.0_2.5_noTP""}",24,25,0.9676785550246079,24.191963875615198,1.7366658793524739,44.0,19,1.6776372637582302,31.875108011406372,1.6878912851803873,26.31578947368421,-19.420658493738074,0.5812656393414881,45,1.202209926743752,54.09944670346884,1.6667021498145904,35.55555555555556,-19.420658493738074,1.4851291973302454,0.9093630422404136,0.9093630422404135,ICPUSDT,4h,44
EMA_CROSS,"{""fast"": 9, ""slow"": 30}",atr,ATR_2.0_1.5,"{""mode"": ""atr"", ""tp_atr_mult"": 2.0, ""sl_atr_mult"": 1.5, ""label"": ""ATR_2.0_1.5""}",12,27,1.605951839263459,43.3606996601134,2.6585882249387733,66.66666666666666,20,0.4926553547633777,9.853107095267553,1.2808325550879787,50.0,-10.260246549150489,0.5016150875440504,49,1.1035803495505188,54.07543712797542,1.8167453976721442,59.183673469387756,-15.311039178909997,1.6483558704225139,1.927447732458939,1.9274477324589387,ICPUSDT,4h,47
EMA_CROSS,"{""fast"": 9, ""slow"": 30}",atr,ATR_2.5_1.5,"{""mode"": ""atr"", ""tp_atr_mult"": 2.5, ""sl_atr_mult"": 1.5, ""label"": ""ATR_2.5_1.5""}",12,27,1.6660697567301772,44.98388343171479,2.364982115732876,59.25925925925925,20,0.46131498586259684,9.226299717251937,1.2370041372491298,45.0,-10.260246549150489,0.42291209101131305,49,1.1016880700400138,53.98271543196067,1.7023103962673143,53.06122448979592,-15.311039178910004,1.6283853725014823,1.682300633198635,1.682300633198635,ICPUSDT,4h,47
EMA_CROSS,"{""fast"": 12, ""slow"": 30}",chandelier,CHAN_2.5,"{""mode"": ""chandelier"", ""chandelier_atr_mult"": 2.5, ""label"": ""CHAN_2.5""}",24,25,1.048177107176394,26.204427679409847,1.8500385244963882,44.0,19,1.4779924589463516,28.08185671998068,1.560173153385013,26.31578947368421,-20.874050254238867,0.5066073717644821,45,1.1626368714630624,52.318659215837805,1.6309105371962611,35.55555555555556,-20.874050254238846,1.4556441061499703,0.8737512184358679,0.873751218435868,ICPUSDT,4h,44
BREAKOUT,"{""breakout_period"": 50}",hybrid,HYBRID_1.5_2.5_3.0,"{""mode"": ""hybrid"", ""initial_sl_atr_mult"": 1.5, ""chandelier_atr_mult"": 2.5, ""tp_atr_mult"": 3.0, ""label"": ""HYBRID_1.5_2.5_3.0""}",24,21,1.7653663756026252,37.07269388765513,1.7368186679797268,38.095238095238095,14,1.4362680104412544,20.10775214617756,1.496044033117296,42.857142857142854,-13.173005095832846,0.6528100611841825,36,1.4351166242666262,51.664198473598546,1.536119117928993,38.88888888888889,-21.01605038478482,1.469945489269802,0.9593941597653155,0.9593941597653155,ICPUSDT,4h,35
EMA_CROSS,"{""fast"": 9, ""slow"": 30}",atr_trail,TRAIL_2.5,"{""mode"": ""atr_trail"", ""trail_atr_mult"": 2.5, ""label"": ""TRAIL_2.5""}",24,27,0.8840821367258703,23.870217691598498,1.6223078763491445,48.148148148148145,20,1.8196842312885912,36.393684625771826,1.7201794821682175,35.0,-18.75234183432812,0.6055608105516488,49,1.0250955945808913,50.229684134463675,1.507750206502907,40.816326530612244,-27.084011333446917,1.387230116935455,0.7635371905536058,0.7635371905536059,ICPUSDT,4h,47
BREAKOUT,"{""breakout_period"": 50}",hybrid,HYBRID_1.5_2.5_3.0,"{""mode"": ""hybrid"", ""initial_sl_atr_mult"": 1.5, ""chandelier_atr_mult"": 2.5, ""tp_atr_mult"": 3.0, ""label"": ""HYBRID_1.5_2.5_3.0""}",36,21,1.6844926113383578,35.374344838105515,1.703064032067755,38.095238095238095,14,1.4362680104412544,20.10775214617756,1.496044033117296,42.857142857142854,-13.173005095832846,0.6528100611841825,36,1.3879402617791368,49.965849424048926,1.5184953587053718,38.88888888888889,-21.016050384784837,1.4456497302931022,0.9281318522180715,0.9281318522180714,ICPUSDT,4h,35
EMA_CROSS,"{""fast"": 12, ""slow"": 30}",hybrid,HYBRID_1.0_2.5_noTP,"{""mode"": ""hybrid"", ""initial_sl_atr_mult"": 1.0, ""chandelier_atr_mult"": 2.5, ""tp_atr_mult"": null, ""label"": ""HYBRID_1.0_2.5_noTP""}",24,26,0.8739156397231216,22.72180663280116,1.7200424361780842,38.46153846153847,19,1.5170839369635534,28.824594802307512,1.767624150767116,21.052631578947366,-17.85354401867209,0.5485044594125601,46,1.077799483729477,49.578776251555944,1.6975633137719621,30.434782608695656,-17.8535440186721,1.4399131323677141,0.8690159529035243,0.8690159529035243,ICPUSDT,4h,45
BREAKOUT,"{""breakout_period"": 20}",hybrid,HYBRID_1.5_2.5_3.0,"{""mode"": ""hybrid"", ""initial_sl_atr_mult"": 1.5, ""chandelier_atr_mult"": 2.5, ""tp_atr_mult"": 3.0, ""label"": ""HYBRID_1.5_2.5_3.0""}",24,38,0.6360159369344761,24.16860560351009,1.2880409182814099,28.947368421052634,22,0.7961129551807367,17.514485013976206,1.3073931043532059,40.909090909090914,-22.540681166289236,0.5294833383321407,61,0.8092591936569372,49.36481081307317,1.3503924872955597,34.42622950819672,-31.659689404170376,1.4082276526011153,0.8577368701134622,0.8577368701134621,ICPUSDT,4h,60
BREAKOUT,"{""breakout_period"": 20}",atr,ATR_3.0_1.5,"{""mode"": ""atr"", ""tp_atr_mult"": 3.0, ""sl_atr_mult"": 1.5, ""label"": ""ATR_3.0_1.5""}",36,37,0.3247293770456389,12.014986950688641,1.1194986595204637,29.72972972972973,21,1.3699057562867751,28.768020882022277,1.5321778450279495,47.61904761904761,-22.540681166289236,0.8553105102810582,59,0.8214360682762338,48.4647280282978,1.3134803832339148,37.28813559322034,-39.523710399296355,1.3820140977191544,0.8173974988688469,0.8173974988688469,ICPUSDT,4h,58
BREAKOUT,"{""breakout_period"": 20}",hybrid,HYBRID_1.5_2.5_3.0,"{""mode"": ""hybrid"", ""initial_sl_atr_mult"": 1.5, ""chandelier_atr_mult"": 2.5, ""tp_atr_mult"": 3.0, ""label"": ""HYBRID_1.5_2.5_3.0""}",36,38,0.5913225408936968,22.47025655396048,1.267800031081712,28.947368421052634,22,0.7961129551807367,17.514485013976206,1.3073931043532059,40.909090909090914,-22.540681166289236,0.5294833383321407,61,0.7814174059594025,47.66646176352355,1.3383375692686048,34.42622950819672,-31.659689404170376,1.3849519870191789,0.8287065820150369,0.8287065820150369,ICPUSDT,4h,60
EMA_CROSS,"{""fast"": 5, ""slow"": 30}",hybrid,HYBRID_1.0_2.5_noTP,"{""mode"": ""hybrid"", ""initial_sl_atr_mult"": 1.0, ""chandelier_atr_mult"": 2.5, ""tp_atr_mult"": null, ""label"": ""HYBRID_1.0_2.5_noTP""}",24,37,0.02981715341336184,1.103234676294388,1.018285366723335,32.432432432432435,23,2.201313606583077,50.63021295141077,2.2182582179654293,34.78260869565217,-11.043606961444862,0.8013348589525555,62,0.7662980199487183,47.510477236820535,1.4477188313700335,32.25806451612903,-13.598648712151393,1.3337587153078723,0.6841794448699502,0.6841794448699502,ICPUSDT,4h,60
EMA_CROSS,"{""fast"": 5, ""slow"": 30}",atr,ATR_2.5_1.5,"{""mode"": ""atr"", ""tp_atr_mult"": 2.5, ""sl_atr_mult"": 1.5, ""label"": ""ATR_2.5_1.5""}",24,35,0.6945988627056379,24.310960194697326,1.3798004648864761,48.57142857142857,22,0.9411499426544009,20.70529873839682,1.4445250581511,50.0,-9.177527420828554,0.7867199748687355,59,0.8001976655609786,47.21166226809774,1.408517578165987,49.152542372881356,-12.828882575148901,1.4882125450532055,1.2172272365401384,1.2172272365401384,ICPUSDT,4h,57
BREAKOUT,"{""breakout_period"": 20}",atr,ATR_3.0_1.5,"{""mode"": ""atr"", ""tp_atr_mult"": 3.0, ""sl_atr_mult"": 1.5, ""label"": ""ATR_3.0_1.5""}",24,37,0.40943530177272963,15.149106165590997,1.1512421323386124,32.432432432432435,22,1.108143255972584,24.379151631396844,1.4204049516580968,45.45454545454545,-22.540681166289236,0.7171925481216593,60,0.7868329665429119,47.209977992574714,1.2985058568045549,38.333333333333336,-39.523710399296355,1.3633538496527178,0.7936830103913204,0.7936830103913203,ICPUSDT,4h,59
EMA_CROSS,"{""fast"": 12, ""slow"": 30}",chandelier,CHAN_3.5,"{""mode"": ""chandelier"", ""chandelier_atr_mult"": 3.5, ""label"": ""CHAN_3.5""}",12,25,0.6681778558314282,16.704446395785705,1.3262172479272782,44.0,15,1.7006191957239187,25.50928793585878,1.7057210332652395,40.0,-18.203168812124634,0.7012794109089232,41,1.1455176198597745,46.96622241425076,1.5376605425898802,43.90243902439025,-18.203168812124645,1.4465204253381927,1.013723827512598,1.013723827512598,ICPUSDT,4h,40
EMA_CROSS,"{""fast"": 5, ""slow"": 30}",chandelier,CHAN_2.5,"{""mode"": ""chandelier"", ""chandelier_atr_mult"": 2.5, ""label"": ""CHAN_2.5""}",24,34,0.32612734947969163,11.088329882309516,1.1758551050452606,47.05882352941176,21,2.1212460023497064,44.54616604934384,1.896154533146254,38.095238095238095,-17.32960642410197,0.6908564886523963,57,0.8207292937044981,46.78156974115639,1.384669909530964,42.10526315789473,-27.161817493488943,1.2950089332829562,0.6446068845611738,0.6446068845611738,ICPUSDT,4h,55
EMA_CROSS,"{""fast"": 12, ""slow"": 30}",hybrid,HYBRID_2.0_2.5_noTP,"{""mode"": ""hybrid"", ""initial_sl_atr_mult"": 2.0, ""chandelier_atr_mult"": 2.5, ""tp_atr_mult"": null, ""label"": ""HYBRID_2.0_2.5_noTP""}",12,25,1.2552604708031057,31.381511770077644,1.9555937286602934,44.0,19,0.9074252566076434,17.241079875545225,1.3980499093530532,31.57894736842105,-17.886383390033675,0.4895717996930002,45,1.0367770324904475,46.654966462070135,1.5972118940953182,37.77777777777778,-17.886383390033686,1.4612379489460519,1.0758122066015157,1.0758122066015154,ICPUSDT,4h,44
BREAKOUT,"{""breakout_period"": 50}",atr,ATR_3.0_1.5,"{""mode"": ""atr"", ""tp_atr_mult"": 3.0, ""sl_atr_mult"": 1.5, ""label"": ""ATR_3.0_1.5""}",24,21,1.56562592516228,32.87814442840788,1.596151055500406,38.095238095238095,14,1.274298773075508,17.840182823057113,1.4167897597165688,42.857142857142854,-13.243155192081074,0.5713279671665001,36,1.2556133247564125,45.20207969123085,1.4368585925016297,38.88888888888889,-23.120094364691248,1.3746564520246838,0.8300573377054132,0.8300573377054133,ICPUSDT,4h,35
EMA_CROSS,"{""fast"": 12, ""slow"": 30}",chandelier,CHAN_2.5,"{""mode"": ""chandelier"", ""chandelier_atr_mult"": 2.5, ""label"": ""CHAN_2.5""}",12,25,1.2585266392294165,31.463165980735415,1.9604683158429899,44.0,19,0.7976655033643251,15.155644563922177,1.3338299179785336,31.57894736842105,-18.630893442316886,0.42312901288123755,45,0.9922485635801079,44.65118536110486,1.5572685558839048,37.77777777777778,-18.630893442316886,1.4294207113670174,1.018537143577342,1.018537143577342,ICPUSDT,4h,44
EMA_CROSS,"{""fast"": 9, ""slow"": 30}",hybrid,HYBRID_1.0_2.5_noTP,"{""mode"": ""hybrid"", ""initial_sl_atr_mult"": 1.0, ""chandelier_atr_mult"": 2.5, ""tp_atr_mult"": null, ""label"": ""HYBRID_1.0_2.5_noTP""}",36,28,0.4144750862716665,11.605302415606662,1.289860316030324,39.285714285714285,20,1.8729782469391307,37.45956493878261,2.2437273272434024,35.0,-10.605082800919801,0.7654969459312341,50,0.8732120994218997,43.66060497109498,1.5778221892413928,36.0,-12.15047655591766,1.3730406569336893,0.8052571384695907,0.8052571384695906,ICPUSDT,4h,48
EMA_CROSS,"{""fast"": 12, ""slow"": 30}",atr,ATR_3.0_2.0,"{""mode"": ""atr"", ""tp_atr_mult"": 3.0, ""sl_atr_mult"": 2.0, ""label"": ""ATR_3.0_2.0""}",12,25,1.1499005715369761,28.7475142884244,1.726236961088642,60.0,18,0.5317299453757616,9.571139016763707,1.2251563407717467,44.44444444444444,-13.785957885431912,0.36429666914621184,44,0.9788895769953267,43.07114138779438,1.524662358411337,54.54545454545454,-14.007527145850796,1.4447473380978826,1.2086330835746102,1.2086330835746102,ICPUSDT,4h,43
BREAKOUT,"{""breakout_period"": 50}",hybrid,HYBRID_1.5_2.5_3.0,"{""mode"": ""hybrid"", ""initial_sl_atr_mult"": 1.5, ""chandelier_atr_mult"": 2.5, ""tp_atr_mult"": 3.0, ""label"": ""HYBRID_1.5_2.5_3.0""}",12,22,1.677356627878985,36.90184581333767,1.7034037018938504,36.36363636363637,15,0.7774767575627004,11.662151363440506,1.2638739549050233,40.0,-13.17300509583283,0.38419608377374276,38,1.1328355162248427,43.047749616544024,1.4213180628372721,36.84210526315789,-17.96259708385858,1.34979919546812,0.7994423789961573,0.7994423789961572,ICPUSDT,4h,37
EMA_CROSS,"{""fast"": 12, ""slow"": 30}",atr_trail,TRAIL_2.5,"{""mode"": ""atr_trail"", ""trail_atr_mult"": 2.5, ""label"": ""TRAIL_2.5""}",24,25,0.8154664703628056,20.38666175907014,1.564409708180397,44.0,19,1.2829672904554816,24.37637851865415,1.4592486517773267,26.31578947368421,-23.01581263257095,0.43796043426485926,45,0.9510092243149234,42.79541509417155,1.4694189916513605,35.55555555555556,-23.015812632570945,1.3199812397698076,0.7076982851592589,0.7076982851592589,ICPUSDT,4h,44
BREAKOUT,"{""breakout_period"": 50}",atr,ATR_3.0_2.0,"{""mode"": ""atr"", ""tp_atr_mult"": 3.0, ""sl_atr_mult"": 2.0, ""label"": ""ATR_3.0_2.0""}",24,21,0.7624403064147836,16.011246434710454,1.2223241015933353,38.095238095238095,12,2.8265447833173947,33.918537399808734,2.0068053862137116,58.333333333333336,-17.14547348491882,1.0990410839616378,34,1.2556309927707945,42.69145375420701,1.3779838113341145,44.11764705882353,-33.103789066350174,1.322452040135208,0.7507750281170947,0.7507750281170946,ICPUSDT,4h,33
EMA_CROSS,"{""fast"": 9, ""slow"": 30}",atr,ATR_2.0_1.0,"{""mode"": ""atr"", ""tp_atr_mult"": 2.0, ""sl_atr_mult"": 1.0, ""label"": ""ATR_2.0_1.0""}",36,28,0.6229568008194677,17.442790422945095,1.4432799118998911,50.0,20,1.1346303666401325,22.692607332802652,1.8285272213647155,50.0,-8.852117354087422,1.1961804764195958,50,0.8508069345642605,42.540346728213024,1.606202782225365,50.0,-12.378487147748686,1.472395430382666,1.5364749861790126,1.5364749861790126,ICPUSDT,4h,48
EMA_CROSS,"{""fast"": 9, ""slow"": 30}",atr,ATR_2.0_1.0,"{""mode"": ""atr"", ""tp_atr_mult"": 2.0, ""sl_atr_mult"": 1.0, ""label"": ""ATR_2.0_1.0""}",24,28,0.6229568008194677,17.442790422945095,1.4432799118998911,50.0,20,1.1346303666401325,22.692607332802652,1.8285272213647155,50.0,-8.852117354087422,1.1961804764195958,50,0.8508069345642605,42.540346728213024,1.606202782225365,50.0,-12.378487147748686,1.472395430382666,1.5364749861790126,1.5364749861790126,ICPUSDT,4h,48
EMA_CROSS,"{""fast"": 9, ""slow"": 30}",atr,ATR_2.0_1.0,"{""mode"": ""atr"", ""tp_atr_mult"": 2.0, ""sl_atr_mult"": 1.0, ""label"": ""ATR_2.0_1.0""}",12,28,0.7369290924371104,20.63401458823909,1.5706600124052246,50.0,20,0.9541022584465132,19.082045168930264,1.7380006506597663,50.0,-7.419941379873547,1.1107689442105615,50,0.8424201745926925,42.121008729634625,1.6435482875122562,50.0,-11.774083685647717,1.4718346354700222,1.6083918889501025,1.6083918889501025,ICPUSDT,4h,48
EMA_CROSS,"{""fast"": 12, ""slow"": 30}",chandelier,CHAN_3.0,"{""mode"": ""chandelier"", ""chandelier_atr_mult"": 3.0, ""label"": ""CHAN_3.0""}",12,25,1.1297557041900947,28.243892604752368,1.7120237980384012,44.0,16,0.5432524579214374,8.692039326742998,1.1926664942757212,31.25,-21.714134390280414,0.23711307689092423,42,0.992581428907182,41.688420014101645,1.4917160344122924,40.476190476190474,-21.714134390280403,1.3778039675804532,0.9163282567633088,0.9163282567633088,ICPUSDT,4h,41
BREAKOUT,"{""breakout_period"": 20}",hybrid,HYBRID_1.5_2.5_3.0,"{""mode"": ""hybrid"", ""initial_sl_atr_mult"": 1.5, ""chandelier_atr_mult"": 2.5, ""tp_atr_mult"": 3.0, ""label"": ""HYBRID_1.5_2.5_3.0""}",12,40,0.5891829981998893,23.567319927995573,1.2651252465770249,35.0,23,0.3942993144017021,9.068884231239148,1.1495598090873083,39.130434782608695,-22.540681166289254,0.2785370463810434,64,0.6299675680440874,40.31792435482159,1.2696338108587977,37.5,-32.88680154013569,1.287372261707641,0.7013400620516976,0.7013400620516976,ICPUSDT,4h,63
EMA_CROSS,"{""fast"": 5, ""slow"": 30}",atr_trail,TRAIL_2.5,"{""mode"": ""atr_trail"", ""trail_atr_mult"": 2.5, ""label"": ""TRAIL_2.5""}",24,34,0.32187125399227495,10.943622635737349,1.175912473099119,44.11764705882353,21,1.800304988453755,37.80640475752885,1.694475751015339,38.095238095238095,-20.170932927817912,0.5821477414989217,57,0.6999491439082318,39.897101202769214,1.3178993450692864,40.35087719298245,-30.68066840249944,1.2085142916424865,0.5490633481957544,0.5490633481957544,ICPUSDT,4h,55
BREAKOUT,"{""breakout_period"": 50}",atr,ATR_3.0_1.5,"{""mode"": ""atr"", ""tp_atr_mult"": 3.0, ""sl_atr_mult"": 1.5, ""label"": ""ATR_3.0_1.5""}",36,21,1.3074154307774197,27.455724046325813,1.4831340367191221,28.57142857142857,14,1.274298773075508,17.840182823057113,1.4167897597165688,42.857142857142854,-13.243155192081074,0.5713279671665001,36,1.104990536365244,39.779659309148784,1.3783191354749231,33.33333333333333,-24.86207549058926,1.3025301241605682,0.7297172228715033,0.7297172228715032,ICPUSDT,4h,35
EMA_CROSS,"{""fast"": 12, ""slow"": 30}",hybrid,HYBRID_2.0_2.5_noTP,"{""mode"": ""hybrid"", ""initial_sl_atr_mult"": 2.0, ""chandelier_atr_mult"": 2.5, ""tp_atr_mult"": null, ""label"": ""HYBRID_2.0_2.5_noTP""}",36,25,0.7651133559451337,19.127833898628342,1.5824588136577145,44.0,19,1.1778234000582928,22.378644601107563,1.4829497233308921,26.31578947368421,-19.42065849373809,0.4618012782418568,45,0.8786411848040705,39.53885331618317,1.4872626267620006,35.55555555555556,-19.420658493738063,1.3196973318154501,0.7469099215953418,0.7469099215953416,ICPUSDT,4h,44
EMA_CROSS,"{""fast"": 5, ""slow"": 30}",atr,ATR_2.5_1.5,"{""mode"": ""atr"", ""tp_atr_mult"": 2.5, ""sl_atr_mult"": 1.5, ""label"": ""ATR_2.5_1.5""}",36,35,0.47262936953170265,16.542027933609592,1.2373885972524528,45.714285714285715,22,0.9411499426544009,20.70529873839682,1.4445250581511,50.0,-9.177527420828554,0.7867199748687355,59,0.6685208475764407,39.44273000701,1.325322976181416,47.45762711864407,-12.828882575148912,1.3754505977087266,1.0059067075249104,1.0059067075249104,ICPUSDT,4h,57
EMA_CROSS,"{""fast"": 5, ""slow"": 30}",hybrid,HYBRID_2.0_2.5_noTP,"{""mode"": ""hybrid"", ""initial_sl_atr_mult"": 2.0, ""chandelier_atr_mult"": 2.5, ""tp_atr_mult"": null, ""label"": ""HYBRID_2.0_2.5_noTP""}",24,36,0.16360044761868672,5.889616114272722,1.0922799180168032,44.44444444444444,22,1.8564583035742281,40.84208267863302,1.7646581200789695,36.36363636363637,-16.57318987183429,0.6320405525319523,60,0.6570348533713258,39.42209120227955,1.3165283884099694,40.0,-30.208711530817567,1.2118286477284366,0.5504930253652361,0.5504930253652361,ICPUSDT,4h,58
EMA_CROSS,"{""fast"": 12, ""slow"": 30}",chandelier,CHAN_2.5,"{""mode"": ""chandelier"", ""chandelier_atr_mult"": 2.5, ""label"": ""CHAN_2.5""}",36,24,0.908502144266515,21.80405146239636,1.7228600199447757,45.83333333333333,19,0.9781785952464144,18.585393309681873,1.3707389607816636,26.31578947368421,-20.874050254238856,0.37860108315531754,44,0.8732231724664884,38.42181958852549,1.4670670949116347,36.36363636363637,-20.874050254238867,1.302162332434925,0.7202102908347129,0.7202102908347129,ICPUSDT,4h,43
BREAKOUT,"{""breakout_period"": 30}",hybrid,HYBRID_1.5_2.5_3.0,"{""mode"": ""hybrid"", ""initial_sl_atr_mult"": 1.5, ""chandelier_atr_mult"": 2.5, ""tp_atr_mult"": 3.0, ""label"": ""HYBRID_1.5_2.5_3.0""}",24,29,0.9627355867133265,27.919332014686468,1.3994702223491098,31.03448275862069,19,0.575241909567425,10.929596281781075,1.1926356992867035,36.84210526315789,-22.540681166289236,0.3294485569790013,49,0.7767876552107035,38.06259510532447,1.2987308167563125,32.6530612244898,-24.611852819294096,1.2675617577037288,0.675868789271038,0.675868789271038,ICPUSDT,4h,48
EMA_CROSS,"{""fast"": 12, ""slow"": 30}",atr,ATR_3.0_2.0,"{""mode"": ""atr"", ""tp_atr_mult"": 3.0, ""sl_atr_mult"": 2.0, ""label"": ""ATR_3.0_2.0""}",24,25,0.9407485373970647,23.518713434926617,1.488379958631023,60.0,18,0.8727486359801546,15.709475447642783,1.3404711639120162,50.0,-8.95284556127197,0.566212513950442,44,0.849002583726902,37.356113683983686,1.3884421033165766,54.54545454545454,-16.15743727290399,1.3548609015073425,0.9894847931486793,0.9894847931486793,ICPUSDT,4h,43
BREAKOUT,"{""breakout_period"": 50}",atr,ATR_3.0_2.0,"{""mode"": ""atr"", ""tp_atr_mult"": 3.0, ""sl_atr_mult"": 2.0, ""label"": ""ATR_3.0_2.0""}",36,21,0.5042298120299232,10.588826052628388,1.143683917265391,28.57142857142857,12,2.8265447833173947,33.918537399808734,2.0068053862137116,58.333333333333336,-17.14547348491882,1.0990410839616378,34,1.096148040356616,37.269033372124944,1.325144811787435,38.23529411764706,-34.6195549336146,1.2530648057532103,0.6547887698360756,0.6547887698360756,ICPUSDT,4h,33
EMA_CROSS,"{""fast"": 12, ""slow"": 30}",atr_trail,TRAIL_2.5,"{""mode"": ""atr_trail"", ""trail_atr_mult"": 2.5, ""label"": ""TRAIL_2.5""}",12,25,1.116987729489968,27.9246932372492,1.773101950055692,44.0,19,0.5699568519437775,10.829180186931772,1.2177780541549863,31.57894736842105,-20.648476067560203,0.29819902796326103,45,0.8174721831250722,36.78624824062825,1.418912338598236,37.77777777777778,-20.648476067560193,1.3173366400679154,0.8235835835153201,0.8235835835153201,ICPUSDT,4h,44
EMA_CROSS,"{""fast"": 9, ""slow"": 30}",hybrid,HYBRID_2.0_2.5_noTP,"{""mode"": ""hybrid"", ""initial_sl_atr_mult"": 2.0, ""chandelier_atr_mult"": 2.5, ""tp_atr_mult"": null, ""label"": ""HYBRID_2.0_2.5_noTP""}",36,27,0.8704420314981931,23.501934850451214,1.6870776761441932,51.85185185185185,20,1.0871218151349122,21.742436302698245,1.4743536488406201,35.0,-16.2307144204306,0.42703031992324675,49,0.7500708483696651,36.75347157011359,1.4151411747996328,42.857142857142854,-22.099080223950743,1.2678284419776842,0.6539022367171852,0.6539022367171852,ICPUSDT,4h,47
EMA_CROSS,"{""fast"": 12, ""slow"": 30}",hybrid,HYBRID_1.0_2.5_noTP,"{""mode"": ""hybrid"", ""initial_sl_atr_mult"": 1.0, ""chandelier_atr_mult"": 2.5, ""tp_atr_mult"": null, ""label"": ""HYBRID_1.0_2.5_noTP""}",36,26,0.7444625271293818,19.356025705363926,1.6133825592678093,38.46153846153847,19,1.0172700732636155,19.328131392008697,1.5147250307406983,21.052631578947366,-17.85354401867211,0.42181533049545705,46,0.7981854763873888,36.716531913819885,1.5165941479084901,30.434782608695656,-17.853544018672103,1.30102171492113,0.7316152577739855,0.7316152577739855,ICPUSDT,4h,45
BREAKOUT,"{""breakout_period"": 50}",atr,ATR_3.0_1.5,"{""mode"": ""atr"", ""tp_atr_mult"": 3.0, ""sl_atr_mult"": 1.5, ""label"": ""ATR_3.0_1.5""}",12,22,1.5397879933131386,33.87533585288905,1.6104946650853071,36.36363636363637,15,0.5565796796170911,8.348695194256367,1.175727328482367,40.0,-13.243155192081066,0.2701438955916117,38,0.9659943022871387,36.70778348691127,1.3382770578847922,36.84210526315789,-18.944125732897056,1.2640180495599953,0.6749410499695262,0.6749410499695261,ICPUSDT,4h,37
BREAKOUT,"{""breakout_period"": 30}",hybrid,HYBRID_1.5_2.5_3.0,"{""mode"": ""hybrid"", ""initial_sl_atr_mult"": 1.5, ""chandelier_atr_mult"": 2.5, ""tp_atr_mult"": 3.0, ""label"": ""HYBRID_1.5_2.5_3.0""}",36,29,0.9041718263840293,26.220982965136848,1.375170218606431,31.03448275862069,19,0.575241909567425,10.929596281781075,1.1926356992867035,36.84210526315789,-22.540681166289236,0.3294485569790013,49,0.7421274705260175,36.364246055774856,1.2854014786671633,32.6530612244898,-25.857893755487055,1.2466110658732792,0.6461161786006598,0.6461161786006598,ICPUSDT,4h,48
EMA_CROSS,"{""fast"": 9, ""slow"": 50}",hybrid,HYBRID_1.0_2.5_noTP,"{""mode"": ""hybrid"", ""initial_sl_atr_mult"": 1.0, ""chandelier_atr_mult"": 2.5, ""tp_atr_mult"": null, ""label"": ""HYBRID_1.0_2.5_noTP""}",24,28,0.09925021902735469,2.7790061327659314,1.0626709770817397,25.0,15,2.4794378001921427,37.19156700288214,2.3052656870910586,26.666666666666668,-12.135239335336511,0.7123943131401129,44,0.8221910930793629,36.176408095491965,1.4720892553257094,25.0,-12.13523933533651,1.2600149078018208,0.6328038427461105,0.6328038427461105,ICPUSDT,4h,43
BREAKOUT,"{""breakout_period"": 20}",atr,ATR_3.0_2.0,"{""mode"": ""atr"", ""tp_atr_mult"": 3.0, ""sl_atr_mult"": 2.0, ""label"": ""ATR_3.0_2.0""}",36,35,0.19769654876099788,6.919379206634925,1.060038470198001,37.142857142857146,20,1.0692625048211797,21.385250096423594,1.348067635396597,50.0,-21.429078775233652,0.5974009323571353,56,0.6426133839043823,35.98634949864541,1.2036705484254917,42.857142857142854,-37.40328755386646,1.1928024292311108,0.5714087620970495,0.5714087620970495,ICPUSDT,4h,55
BREAKOUT,"{""breakout_period"": 50}",atr,ATR_3.0_2.0,"{""mode"": ""atr"", ""tp_atr_mult"": 3.0, ""sl_atr_mult"": 2.0, ""label"": ""ATR_3.0_2.0""}",12,22,0.9043823670568034,19.896412075249675,1.286414216547057,36.36363636363637,13,1.7673223039674693,22.9751899515771,1.5765894096261432,53.84615384615385,-17.14547348491883,0.7309151634977875,36,0.989813109625405,35.63327194651458,1.305727739096772,41.66666666666667,-26.90377953651798,1.2335341471223262,0.6277222156942373,0.6277222156942373,ICPUSDT,4h,35
EMA_CROSS,"{""fast"": 12, ""slow"": 30}",chandelier,CHAN_3.0,"{""mode"": ""chandelier"", ""chandelier_atr_mult"": 3.0, ""label"": ""CHAN_3.0""}",36,24,1.270787309502661,30.49889542806386,1.6936495125628053,37.5,16,0.4584954653151425,7.33592744504228,1.1342961133715792,31.25,-23.086802532014065,0.14791298191980978,41,0.8647343532639069,35.454108483820185,1.3511195245202634,34.146341463414636,-23.086802532014044,1.1884617644424968,0.5341001523687414,0.5341001523687415,ICPUSDT,4h,40
EMA_CROSS,"{""fast"": 5, ""slow"": 30}",atr,ATR_2.5_1.5,"{""mode"": ""atr"", ""tp_atr_mult"": 2.5, ""sl_atr_mult"": 1.5, ""label"": ""ATR_2.5_1.5""}",12,36,0.5257417706439157,18.926703743180965,1.3397228736581792,50.0,22,0.5881124490657638,12.938473879446803,1.2985833903560604,50.0,-9.177527420828552,0.5391635634825958,60,0.567676349293856,34.06058095763136,1.3274268566241467,50.0,-10.942729763181926,1.322730893188082,0.9686042407691914,0.9686042407691914,ICPUSDT,4h,58
EMA_CROSS,"{""fast"": 9, ""slow"": 30}",chandelier,CHAN_2.5,"{""mode"": ""chandelier"", ""chandelier_atr_mult"": 2.5, ""label"": ""CHAN_2.5""}",36,27,0.7833888237075844,21.15149824010478,1.578604092661198,51.85185185185185,19,1.2024034781769324,22.845666085361717,1.5088480658278351,36.84210526315789,-15.43007617404404,0.4459567608608498,48,0.7075613779699973,33.96294614255987,1.3712319495485343,43.75,-23.112971198237183,1.2278224673681108,0.5964471129321389,0.5964471129321389,ICPUSDT,4h,46
BREAKOUT,"{""breakout_period"": 20}",atr,ATR_3.0_1.5,"{""mode"": ""atr"", ""tp_atr_mult"": 3.0, ""sl_atr_mult"": 1.5, ""label"": ""ATR_3.0_1.5""}",12,40,0.3327812483329537,13.311249933318148,1.1342572570112153,35.0,23,0.5480857704493333,12.605972720334664,1.2010673755494332,43.47826086956522,-22.540681166289232,0.3741676083646975,64,0.5249834820193701,33.598942849239684,1.2076025807456212,39.0625,-34.728674276838575,1.1951417000406852,0.5714157531679057,0.5714157531679057,ICPUSDT,4h,63
EMA_CROSS,"{""fast"": 9, ""slow"": 30}",atr,ATR_3.0_1.5,"{""mode"": ""atr"", ""tp_atr_mult"": 3.0, ""sl_atr_mult"": 1.5, ""label"": ""ATR_3.0_1.5""}",12,27,0.9276085528210536,25.045430926168446,1.6469717563982273,51.85185185185185,20,0.311942040059554,6.23884080119108,1.160262632565049,45.0,-10.260246549150489,0.2887505621508749,49,0.6338123267419075,31.056804010353463,1.375896639639358,48.97959183673469,-15.311039178910013,1.2984933263063407,0.977707770397903,0.9777077703979032,ICPUSDT,4h,47
BREAKOUT,"{""breakout_period"": 20}",atr,ATR_2.5_1.5,"{""mode"": ""atr"", ""tp_atr_mult"": 2.5, ""sl_atr_mult"": 1.5, ""label"": ""ATR_2.5_1.5""}",36,38,0.42050663246615194,15.979252033713774,1.1684309777207353,36.84210526315789,23,0.3716924974040439,8.54892744029301,1.1299674078558934,43.47826086956522,-22.540681166289243,0.26542523818655644,62,0.4979238651128364,30.871279636995855,1.1921663957478814,40.32258064516129,-34.50378127581566,1.189819901408831,0.5749321782226714,0.5749321782226714,ICPUSDT,4h,61
BREAKOUT,"{""breakout_period"": 20}",atr,ATR_2.5_1.5,"{""mode"": ""atr"", ""tp_atr_mult"": 2.5, ""sl_atr_mult"": 1.5, ""label"": ""ATR_2.5_1.5""}",24,38,0.42050663246615194,15.979252033713774,1.1684309777207353,36.84210526315789,23,0.3716924974040439,8.54892744029301,1.1299674078558934,43.47826086956522,-22.540681166289243,0.26542523818655644,62,0.4979238651128364,30.871279636995855,1.1921663957478814,40.32258064516129,-34.50378127581566,1.189819901408831,0.5749321782226714,0.5749321782226714,ICPUSDT,4h,61
EMA_CROSS,"{""fast"": 5, ""slow"": 30}",atr,ATR_2.0_1.5,"{""mode"": ""atr"", ""tp_atr_mult"": 2.0, ""sl_atr_mult"": 1.5, ""label"": ""ATR_2.0_1.5""}",12,36,0.5297094377882131,19.069539760375672,1.3663485529073562,52.77777777777778,22,0.44200693260057683,9.72415251721269,1.224405942615925,50.0,-9.177527420828556,0.4284680399849497,60,0.49140039642781264,29.484023785668757,1.2937655926395941,51.66666666666667,-12.30259632925944,1.2739416546076523,0.904005057593217,0.9040050575932171,ICPUSDT,4h,58
EMA_CROSS,"{""fast"": 12, ""slow"": 30}",hybrid,HYBRID_1.0_2.5_noTP,"{""mode"": ""hybrid"", ""initial_sl_atr_mult"": 1.0, ""chandelier_atr_mult"": 2.5, ""tp_atr_mult"": null, ""label"": ""HYBRID_1.0_2.5_noTP""}",12,26,1.2009141134039991,31.22376694850398,1.9894652121456722,38.46153846153847,19,0.007637939315690386,0.14512084699811734,1.0040009552452933,21.052631578947366,-17.777981526809043,0.005128843003519046,46,0.6391578828684645,29.401262611949367,1.4212494110332543,30.434782608695656,-20.310399565527533,1.2576719852991045,0.7782627503925995,0.7782627503925996,ICPUSDT,4h,45
EMA_CROSS,"{""fast"": 9, ""slow"": 30}",hybrid,HYBRID_1.0_2.5_noTP,"{""mode"": ""hybrid"", ""initial_sl_atr_mult"": 1.0, ""chandelier_atr_mult"": 2.5, ""tp_atr_mult"": null, ""label"": ""HYBRID_1.0_2.5_noTP""}",12,28,0.6415316435279387,17.96288601878228,1.4486507659825372,39.285714285714285,20,0.826773798695192,16.53547597390384,1.5733533269153719,35.0,-10.463357546969062,0.5885076282588877,50,0.5818819921878364,29.094099609391822,1.3916721257386993,36.0,-13.160377768947637,1.252783150864779,0.7654959489166188,0.7654959489166188,ICPUSDT,4h,48
EMA_CROSS,"{""fast"": 9, ""slow"": 30}",hybrid,HYBRID_1.5_2.5_3.0,"{""mode"": ""hybrid"", ""initial_sl_atr_mult"": 1.5, ""chandelier_atr_mult"": 2.5, ""tp_atr_mult"": 3.0, ""label"": ""HYBRID_1.5_2.5_3.0""}",24,27,1.111578631018706,30.012623037505058,1.9458506264184028,51.85185185185185,20,0.24742637621841412,4.9485275243682825,1.1255481441464272,35.0,-12.806078703812823,0.210581053609465,49,0.5717055016062911,28.01356957870826,1.3587170112997127,42.857142857142854,-16.04853656482048,1.2591964059262954,0.8724035202773143,0.8724035202773143,ICPUSDT,4h,47
EMA_CROSS,"{""fast"": 9, ""slow"": 30}",atr,ATR_3.0_1.5,"{""mode"": ""atr"", ""tp_atr_mult"": 3.0, ""sl_atr_mult"": 1.5, ""label"": ""ATR_3.0_1.5""}",24,27,0.619902205138206,16.737359538731564,1.3230205699113928,48.148148148148145,19,0.9212592118212136,17.50392502460306,1.4349847089973788,47.368421052631575,-12.602018647055962,0.6704792153776318,48,0.5706094492736784,27.389253565136563,1.2769178509631454,45.83333333333333,-17.521010098431855,1.2328753698753268,0.7482203136178986,0.7482203136178986,ICPUSDT,4h,46
BREAKOUT,"{""breakout_period"": 50}",atr,ATR_2.5_1.5,"{""mode"": ""atr"", ""tp_atr_mult"": 2.5, ""sl_atr_mult"": 1.5, ""label"": ""ATR_2.5_1.5""}",36,21,1.2016349673351203,25.23433431403753,1.4575524348376998,38.095238095238095,14,0.527346673556351,7.382853429788915,1.172481287750451,42.857142857142854,-13.243155192081076,0.2670299181949374,36,0.7528038939886745,27.100940183592282,1.2619188910100478,38.88888888888889,-23.085752269166328,1.1808578523369355,0.5667964354704795,0.5667964354704795,ICPUSDT,4h,35
BREAKOUT,"{""breakout_period"": 50}",atr,ATR_2.5_1.5,"{""mode"": ""atr"", ""tp_atr_mult"": 2.5, ""sl_atr_mult"": 1.5, ""label"": ""ATR_2.5_1.5""}",24,21,1.2016349673351203,25.23433431403753,1.4575524348376998,38.095238095238095,14,0.527346673556351,7.382853429788915,1.172481287750451,42.857142857142854,-13.243155192081076,0.2670299181949374,36,0.7528038939886745,27.100940183592282,1.2619188910100478,38.88888888888889,-23.085752269166328,1.1808578523369355,0.5667964354704795,0.5667964354704795,ICPUSDT,4h,35
EMA_CROSS,"{""fast"": 9, ""slow"": 30}",hybrid,HYBRID_2.0_2.5_noTP,"{""mode"": ""hybrid"", ""initial_sl_atr_mult"": 2.0, ""chandelier_atr_mult"": 2.5, ""tp_atr_mult"": null, ""label"": ""HYBRID_2.0_2.5_noTP""}",12,27,1.2594007325423422,34.00381977864324,1.99778030375451,51.85185185185185,20,0.04091736689097347,0.8183473378194694,1.0183662738415193,35.0,-16.77810120285857,0.026514545338661565,49,0.5373728068046294,26.331267533426843,1.302215571851353,42.857142857142854,-22.608120423223884,1.2039945148802866,0.6412074548678166,0.6412074548678166,ICPUSDT,4h,47
EMA_CROSS,"{""fast"": 9, ""slow"": 30}",hybrid,HYBRID_1.5_2.5_3.0,"{""mode"": ""hybrid"", ""initial_sl_atr_mult"": 1.5, ""chandelier_atr_mult"": 2.5, ""tp_atr_mult"": 3.0, ""label"": ""HYBRID_1.5_2.5_3.0""}",36,27,1.04867681436872,28.31427398795544,1.8923269970313217,51.85185185185185,20,0.24742637621841412,4.9485275243682825,1.1255481441464272,35.0,-12.806078703812823,0.210581053609465,49,0.537045316921605,26.31522052915864,1.336969454513476,42.857142857142854,-16.048536564820477,1.2383839794750888,0.8213801228099364,0.8213801228099364,ICPUSDT,4h,47
EMA_CROSS,"{""fast"": 5, ""slow"": 30}",atr,ATR_3.0_1.5,"{""mode"": ""atr"", ""tp_atr_mult"": 3.0, ""sl_atr_mult"": 1.5, ""label"": ""ATR_3.0_1.5""}",24,35,0.14539262043213172,5.08874171512461,1.0691777658003883,42.857142857142854,22,1.1688956935682142,25.715705258500712,1.5520942015790828,50.0,-9.177527420828559,0.9279169186376449,59,0.4379385985248313,25.838377312965047,1.206510759424583,45.76271186440678,-15.535024750873594,1.1973409759232017,0.6432806003648249,0.6432806003648249,ICPUSDT,4h,57
EMA_CROSS,"{""fast"": 9, ""slow"": 30}",atr,ATR_1.5_1.0,"{""mode"": ""atr"", ""tp_atr_mult"": 1.5, ""sl_atr_mult"": 1.0, ""label"": ""ATR_1.5_1.0""}",24,28,0.5436115353738323,15.221122990467304,1.456147918649767,57.14285714285714,20,0.46485913942832546,9.29718278856651,1.339448389925474,50.0,-8.852117354087422,0.5961606871134825,50,0.5075071641689476,25.375358208447377,1.3952882990184166,54.0,-12.378487147748695,1.2556765106883252,1.1079791311131817,1.1079791311131817,ICPUSDT,4h,48
EMA_CROSS,"{""fast"": 9, ""slow"": 30}",atr,ATR_1.5_1.0,"{""mode"": ""atr"", ""tp_atr_mult"": 1.5, ""sl_atr_mult"": 1.0, ""label"": ""ATR_1.5_1.0""}",36,28,0.5436115353738323,15.221122990467304,1.456147918649767,57.14285714285714,20,0.46485913942832546,9.29718278856651,1.339448389925474,50.0,-8.852117354087422,0.5961606871134825,50,0.5075071641689476,25.375358208447377,1.3952882990184166,54.0,-12.378487147748695,1.2556765106883252,1.1079791311131817,1.1079791311131817,ICPUSDT,4h,48
EMA_CROSS,"{""fast"": 9, ""slow"": 30}",atr,ATR_3.0_1.5,"{""mode"": ""atr"", ""tp_atr_mult"": 3.0, ""sl_atr_mult"": 1.5, ""label"": ""ATR_3.0_1.5""}",36,27,0.25230838300394537,6.812326341106525,1.1184399854459204,40.74074074074074,19,1.1834025137795074,22.484647761810642,1.558759132584982,47.368421052631575,-12.602018647055962,0.8514284835855482,47,0.517091159016214,24.303284473762062,1.2365257196638915,42.5531914893617,-17.52101009843184,1.1927899732616725,0.652335431709406,0.652335431709406,ICPUSDT,4h,46
EMA_CROSS,"{""fast"": 9, ""slow"": 30}",atr,ATR_1.5_1.0,"{""mode"": ""atr"", ""tp_atr_mult"": 1.5, ""sl_atr_mult"": 1.0, ""label"": ""ATR_1.5_1.0""}",12,28,0.5436115353738323,15.221122990467304,1.456147918649767,57.14285714285714,20,0.39849817575548374,7.969963515109675,1.3082394055676199,50.0,-7.419941379873547,0.5520384746120832,50,0.48096277869981086,24.048138934990543,1.3837762389968133,54.0,-11.001719834142921,1.2411573479666764,1.0852967584772453,1.0852967584772455,ICPUSDT,4h,48
DIVERGENCE,"{""pivot_period"": 3, ""min_score"": 2, ""use_trend"": true, ""ema_len"": 50, ""max_bars"": 100, ""max_pivots"": 8}",chandelier,CHAN_3.5,"{""mode"": ""chandelier"", ""chandelier_atr_mult"": 3.5, ""label"": ""CHAN_3.5""}",12,22,0.9568769521538033,21.051292947383672,1.5060626004431128,45.45454545454545,9,0.6782800603363877,6.104520543027489,1.2551540869094273,44.44444444444444,-10.237457920359727,0.27544349258740275,32,0.7471820533776357,23.90982570808434,1.347683061955382,43.75,-16.619533966922226,1.1919706950010966,0.6466917228982975,0.6466917228982973,ICPUSDT,4h,31
DIVERGENCE,"{""pivot_period"": 3, ""min_score"": 2, ""use_trend"": true, ""ema_len"": 50, ""max_bars"": 100, ""max_pivots"": 8}",atr,ATR_1.5_1.0,"{""mode"": ""atr"", ""tp_atr_mult"": 1.5, ""sl_atr_mult"": 1.0, ""label"": ""ATR_1.5_1.0""}",12,25,0.7364773693760432,18.41193423440108,1.6646118426432772,64.0,10,0.007830033976827976,0.07830033976827977,1.0045726582999657,50.0,-9.279388692418404,0.006256363184344222,36,0.6479681314990802,23.326852733966888,1.5203764227511962,61.111111111111114,-12.166315225151033,1.2382617135276799,1.1843672246137043,1.1843672246137043,ICPUSDT,4h,35
RSI_OS,"{""rsi_period"": 14, ""rsi_os"": 30, ""vol_filter"": true}",hybrid,HYBRID_1.5_2.5_3.0,"{""mode"": ""hybrid"", ""initial_sl_atr_mult"": 1.5, ""chandelier_atr_mult"": 2.5, ""tp_atr_mult"": 3.0, ""label"": ""HYBRID_1.5_2.5_3.0""}",24,20,1.296705263477632,25.93410526955264,1.6066628865664823,40.0,16,0.026848055881554533,0.42956889410487253,1.0149738856904686,43.75,-12.192551233900483,0.0259715839560398,37,0.6151822862736839,22.761744592126302,1.3033338458801629,40.54054054054054,-22.82034707117863,1.184914299988551,0.6475653384156478,0.6475653384156478,XRPUSDT,4h,36
EMA_CROSS,"{""fast"": 5, ""slow"": 30}",atr,ATR_2.0_1.5,"{""mode"": ""atr"", ""tp_atr_mult"": 2.0, ""sl_atr_mult"": 1.5, ""label"": ""ATR_2.0_1.5""}",24,35,0.39049516292175285,13.66733070226135,1.2264654089268843,51.42857142857142,22,0.2944792839534758,6.478544246976467,1.1390888049724741,50.0,-9.177527420828557,0.28058921392319436,59,0.35315604164946096,20.836206457318198,1.186188732649989,50.847457627118644,-15.404733777292352,1.1637606065448682,0.6141089469383015,0.6141089469383016,ICPUSDT,4h,57
DIVERGENCE,"{""pivot_period"": 3, ""min_score"": 3, ""use_trend"": true, ""ema_len"": 50, ""max_bars"": 100, ""max_pivots"": 8}",atr,ATR_2.0_1.0,"{""mode"": ""atr"", ""tp_atr_mult"": 2.0, ""sl_atr_mult"": 1.0, ""label"": ""ATR_2.0_1.0""}",36,23,0.392415912903172,9.025565996772956,1.2606133580401184,47.82608695652174,8,0.46844137238661165,3.7475309790928932,1.2531860149682945,50.0,-6.620078787487384,0.27030101877758544,32,0.6043308704873718,19.338587855595897,1.391204029529208,50.0,-9.591630326738915,1.1838140825609846,0.8622032417046741,0.862203241704674,ICPUSDT,4h,31
DIVERGENCE,"{""pivot_period"": 3, ""min_score"": 3, ""use_trend"": true, ""ema_len"": 50, ""max_bars"": 100, ""max_pivots"": 8}",atr,ATR_2.0_1.0,"{""mode"": ""atr"", ""tp_atr_mult"": 2.0, ""sl_atr_mult"": 1.0, ""label"": ""ATR_2.0_1.0""}",24,23,0.392415912903172,9.025565996772956,1.2606133580401184,47.82608695652174,8,0.46844137238661165,3.7475309790928932,1.2531860149682945,50.0,-6.620078787487384,0.27030101877758544,32,0.6043308704873718,19.338587855595897,1.391204029529208,50.0,-9.591630326738915,1.1838140825609846,0.8622032417046741,0.862203241704674,ICPUSDT,4h,31
RSI_OS,"{""rsi_period"": 14, ""rsi_os"": 30, ""vol_filter"": true}",hybrid,HYBRID_1.5_2.5_3.0,"{""mode"": ""hybrid"", ""initial_sl_atr_mult"": 1.5, ""chandelier_atr_mult"": 2.5, ""tp_atr_mult"": 3.0, ""label"": ""HYBRID_1.5_2.5_3.0""}",36,20,1.0243362968984466,20.486725937968934,1.4792352064837226,40.0,16,0.08561204701914438,1.36979275230631,1.0477481502365475,43.75,-12.192551233900483,0.08189193887373875,37,0.49336727347956844,18.254589118744033,1.243269346070522,40.54054054054054,-22.820347071178617,1.1347590649112425,0.5266274702903074,0.5266274702903074,XRPUSDT,4h,36
EMA_CROSS,"{""fast"": 5, ""slow"": 30}",atr,ATR_3.0_1.5,"{""mode"": ""atr"", ""tp_atr_mult"": 3.0, ""sl_atr_mult"": 1.5, ""label"": ""ATR_3.0_1.5""}",12,36,0.1900623734300884,6.842245443483182,1.111313378315985,44.44444444444444,22,0.5659483036741576,12.450862680831468,1.28733070273504,50.0,-9.177527420828554,0.5082745276225656,60,0.2981004912255777,17.886029473534663,1.162924438656943,46.666666666666664,-14.633466270228304,1.124634894627478,0.5033821541894921,0.503382154189492,ICPUSDT,4h,58
BREAKOUT,"{""breakout_period"": 30}",hybrid,HYBRID_1.0_2.5_noTP,"{""mode"": ""hybrid"", ""initial_sl_atr_mult"": 1.0, ""chandelier_atr_mult"": 2.5, ""tp_atr_mult"": null, ""label"": ""HYBRID_1.0_2.5_noTP""}",12,25,0.41666213944247765,10.416553486061941,1.305242378856282,36.0,15,0.5090047635155766,7.635071452733648,1.3641616645038703,26.666666666666668,-8.066507063083073,0.3972453398884446,42,0.42192276696749365,17.720756212634733,1.3028368693746224,33.33333333333333,-16.82634085961737,1.1489163094147574,0.6177194391950839,0.6177194391950839,XRPUSDT,4h,40
EMA_CROSS,"{""fast"": 9, ""slow"": 30}",atr,ATR_3.0_2.0,"{""mode"": ""atr"", ""tp_atr_mult"": 3.0, ""sl_atr_mult"": 2.0, ""label"": ""ATR_3.0_2.0""}",12,27,0.6208412133295246,16.762712759897163,1.3566951870120705,51.85185185185185,19,0.12302934372098545,2.3375575306987235,1.0545773985233657,47.368421052631575,-11.20437343400676,0.09967638386041072,48,0.3610309161191467,17.329483973719043,1.1798636117281773,50.0,-14.59331302753756,1.121738329659414,0.500724385973273,0.500724385973273,ICPUSDT,4h,46
DIVERGENCE,"{""pivot_period"": 3, ""min_score"": 2, ""use_trend"": true, ""ema_len"": 50, ""max_bars"": 100, ""max_pivots"": 8}",atr,ATR_2.5_1.5,"{""mode"": ""atr"", ""tp_atr_mult"": 2.5, ""sl_atr_mult"": 1.5, ""label"": ""ATR_2.5_1.5""}",12,22,0.633124320687297,13.928735055120534,1.4061208296689718,50.0,10,0.5716539736261759,5.716539736261758,1.2663828312825727,50.0,-10.230389079672534,0.3274652587952112,33,0.496948091183499,16.399287009055467,1.2779404716736722,48.484848484848484,-16.51246821496238,1.1397081921702952,0.6259260222938778,0.6259260222938778,ICPUSDT,4h,32
BREAKOUT,"{""breakout_period"": 20}",hybrid,HYBRID_1.0_2.5_noTP,"{""mode"": ""hybrid"", ""initial_sl_atr_mult"": 1.0, ""chandelier_atr_mult"": 2.5, ""tp_atr_mult"": null, ""label"": ""HYBRID_1.0_2.5_noTP""}",12,34,0.44815814276835786,15.237376854124166,1.3365833117844155,38.23529411764706,20,0.06280323184578715,1.256064636915743,1.0434509779135586,30.0,-13.27511837378359,0.06383950790240227,56,0.28861737080141175,16.16257276487906,1.208273750185598,35.714285714285715,-15.5716671041222,1.123888378413038,0.5230563859973939,0.523056385997394,XRPUSDT,4h,54
DIVERGENCE,"{""pivot_period"": 3, ""min_score"": 3, ""use_trend"": true, ""ema_len"": 50, ""max_bars"": 100, ""max_pivots"": 8}",atr,ATR_2.0_1.0,"{""mode"": ""atr"", ""tp_atr_mult"": 2.0, ""sl_atr_mult"": 1.0, ""label"": ""ATR_2.0_1.0""}",12,23,0.24951457833715207,5.738835301754498,1.1635334069913181,43.47826086956522,8,0.46844137238661165,3.7475309790928932,1.2531860149682945,50.0,-6.620078787487384,0.27030101877758544,32,0.501620536268045,16.05185716057744,1.321717687978813,46.875,-10.997021031401957,1.146104085741039,0.7203580886737712,0.7203580886737713,ICPUSDT,4h,31
DIVERGENCE,"{""pivot_period"": 3, ""min_score"": 2, ""use_trend"": true, ""ema_len"": 50, ""max_bars"": 100, ""max_pivots"": 8}",atr,ATR_3.0_1.5,"{""mode"": ""atr"", ""tp_atr_mult"": 3.0, ""sl_atr_mult"": 1.5, ""label"": ""ATR_3.0_1.5""}",12,22,0.3470267534698769,7.634588576337292,1.1955171681388734,45.45454545454545,10,1.0703795682495352,10.703795682495352,1.498782048393117,50.0,-10.230389079672534,0.5488878963466517,33,0.4573453477729036,15.092396476505819,1.2367285158806605,45.45454545454545,-15.426091917223442,1.1189307181005825,0.5320978867081927,0.5320978867081927,ICPUSDT,4h,32
DIVERGENCE,"{""pivot_period"": 3, ""min_score"": 2, ""use_trend"": true, ""ema_len"": 50, ""max_bars"": 100, ""max_pivots"": 8}",atr,ATR_2.0_1.0,"{""mode"": ""atr"", ""tp_atr_mult"": 2.0, ""sl_atr_mult"": 1.0, ""label"": ""ATR_2.0_1.0""}",24,25,0.13925071425585042,3.4812678563962605,1.0866497568809073,44.0,9,0.36015224431470716,3.2413701988323647,1.1892926440270248,44.44444444444444,-9.273679889117597,0.21482735447445533,35,0.37966082671310497,13.288128934958674,1.2319048944822444,45.714285714285715,-12.16078808834784,1.1116668271380674,0.5619144887915773,0.5619144887915773,ICPUSDT,4h,34
DIVERGENCE,"{""pivot_period"": 3, ""min_score"": 2, ""use_trend"": true, ""ema_len"": 50, ""max_bars"": 100, ""max_pivots"": 8}",atr,ATR_2.0_1.0,"{""mode"": ""atr"", ""tp_atr_mult"": 2.0, ""sl_atr_mult"": 1.0, ""label"": ""ATR_2.0_1.0""}",36,25,0.13925071425585042,3.4812678563962605,1.0866497568809073,44.0,9,0.36015224431470716,3.2413701988323647,1.1892926440270248,44.44444444444444,-9.273679889117597,0.21482735447445533,35,0.37966082671310497,13.288128934958674,1.2319048944822444,45.714285714285715,-12.16078808834784,1.1116668271380674,0.5619144887915773,0.5619144887915773,ICPUSDT,4h,34
DIVERGENCE,"{""pivot_period"": 3, ""min_score"": 2, ""use_trend"": true, ""ema_len"": 50, ""max_bars"": 100, ""max_pivots"": 8}",atr,ATR_2.0_1.0,"{""mode"": ""atr"", ""tp_atr_mult"": 2.0, ""sl_atr_mult"": 1.0, ""label"": ""ATR_2.0_1.0""}",12,25,0.007781486455112052,0.1945371613778013,1.0047871885154718,40.0,10,0.5065556286001858,5.065556286001858,1.2958232117980297,50.0,-9.273679889117597,0.3527344739796479,36,0.32848845353082523,11.825584327109707,1.2047343342269947,44.44444444444444,-15.586204106396465,1.0968119929538556,0.5117794735240362,0.5117794735240361,ICPUSDT,4h,35
